{
    "rmse": 0.6960880665512282,
    "mae": 0.5471427890796613,
    "r2": 0.28029247000803614
}